old_url,new_url,status,note
/about.html,/about/,301,
/ar/about.html,/ar/about/,301,
/ar/consultancy.html,/ar/consultancy/,301,
/ar/contact.html,/ar/contact/,301,
/ar/drug-apis.html,/ar/drug-apis/,301,
/ar/excipients.html,/ar/excipients/,301,
/ar/insights-api-impurity-profiles.html,/ar/insights/api-impurity-profiles/,301,
/ar/insights-api-polymorphism-particle-size.html,/ar/insights/api-polymorphism-particle-size/,301,
/ar/insights-ce-fda-sfda-explained.html,/ar/insights/ce-fda-sfda-explained/,301,
/ar/insights-dmf-cep-api-documents.html,/ar/insights/dmf-cep-api-documents/,301,
/ar/insights-excipient-gmp-ipec.html,/ar/insights/excipient-gmp-ipec/,301,
/ar/insights-manufacturer-or-trader.html,/ar/insights/manufacturer-or-trader/,301,
/ar/insights-pharmacopoeial-grades-explained.html,/ar/insights/pharmacopoeial-grades-explained/,301,
/ar/insights-quality-agreements-api-supply.html,/ar/insights/quality-agreements-api-supply/,301,
/ar/insights-reading-a-gmp-certificate.html,/ar/insights/reading-a-gmp-certificate/,301,
/ar/insights-sfda-medical-device-registration.html,/ar/insights/sfda-medical-device-registration/,301,
/ar/insights-sourcing-apis-from-china-india.html,/ar/insights/sourcing-apis-from-china-india/,301,
/ar/insights.html,/ar/insights/,301,
/ar/medical-consumables.html,/ar/medical-consumables/,301,
/ar/medical-equipment.html,/ar/medical-equipment/,301,
/ar/verification.html,/ar/verification/,301,
/consultancy.html,/consultancy/,301,
/contact.html,/contact/,301,
/drug-apis.html,/drug-apis/,301,
/excipients.html,/excipients/,301,
/index-ar.html,/ar/,301,
/insights-api-impurity-profiles.html,/insights/api-impurity-profiles/,301,
/insights-api-polymorphism-particle-size.html,/insights/api-polymorphism-particle-size/,301,
/insights-ce-fda-sfda-explained.html,/insights/ce-fda-sfda-explained/,301,
/insights-dmf-cep-api-documents.html,/insights/dmf-cep-api-documents/,301,
/insights-excipient-gmp-ipec.html,/insights/excipient-gmp-ipec/,301,
/insights-manufacturer-or-trader.html,/insights/manufacturer-or-trader/,301,
/insights-pharmacopoeial-grades-explained.html,/insights/pharmacopoeial-grades-explained/,301,
/insights-quality-agreements-api-supply.html,/insights/quality-agreements-api-supply/,301,
/insights-reading-a-gmp-certificate.html,/insights/reading-a-gmp-certificate/,301,
/insights-sfda-medical-device-registration.html,/insights/sfda-medical-device-registration/,301,
/insights-sourcing-apis-from-china-india.html,/insights/sourcing-apis-from-china-india/,301,
/insights.html,/insights/,301,
/medical-consumables.html,/medical-consumables/,301,
/medical-equipment.html,/medical-equipment/,301,
/verification.html,/verification/,301,
/index.html,/,301,common alias
/ar/index.html,/ar/,301,common alias
